ders	ünite_adı	konu_adı	kart_ön	kart_arka
Tarih	İnsanlığın Hafızası Tarih	Tarih Bilimi ve Konusu	Tarihî olaylarda deney yapılabilir mi?	Hayır
Tarih	İnsanlığın Hafızası Tarih	Tarih Bilimi ve Konusu	Tarihî olaylar ____.	Tekrarlanamaz
Tarih	İnsanlığın Hafızası Tarih	Kaynakların Sınıflandırılması	Olay dönemine ait kaynak türü?	Birinci el
Tarih	İnsanlığın Hafızası Tarih	Kaynakların Sınıflandırılması	Ferman, ____ kaynaktır.	Birinci el
Tarih	İnsanlığın Hafızası Tarih	Tarihe Yardımcı Bilim Dalları	Eski yazıları inceleyen bilim?	Paleografya
Tarih	İnsanlığın Hafızası Tarih	Tarihe Yardımcı Bilim Dalları	Tarih öncesini aydınlatan bilim: ____.	Arkeoloji
Tarih	Zamanın Taksimi	Takvim Sistemlerinin Doğuşu	Ay yılı kaç gündür?	354 gün
Tarih	Zamanın Taksimi	Takvim Sistemlerinin Doğuşu	Güneş yılı: ____.	365 gün 6 saat
Tarih	Zamanın Taksimi	Türklerin Kullandığı Takvimler	Türklerin kullandığı ilk takvim?	On İki Hayvanlı Takvim
Tarih	Zamanın Taksimi	Türklerin Kullandığı Takvimler	Hicrî Takvim başlangıcı?	Hicret
Tarih	Avrasya'da İlk Türk İzleri	Avrasya ve Türk Adı	Türk adını resmî devlet adı kullanan ilk devlet?	I. Kök Türk Devleti
Tarih	Avrasya'da İlk Türk İzleri	Avrasya ve Türk Adı	Bizans kaynaklarında Türkiye adı ilk kez?	VI. yüzyıl
Tarih	Avrasya'da İlk Türk İzleri	Orta Asya Kültür Merkezleri	Ata ilk kez rastlanan kültür?	Anav
Tarih	Avrasya'da İlk Türk İzleri	Orta Asya Kültür Merkezleri	Demir işçiliğiyle öne çıkan kültür: ____.	Karasuk
Tarih	Avrasya'da İlk Türk İzleri	Bozkır Coğrafyası ve Askerî Kültür	Türk ordusunun düzeni?	Onlu sistem
Tarih	Avrasya'da İlk Türk İzleri	Bozkır Coğrafyası ve Askerî Kültür	Turan Taktiği'nin ilk aşaması?	Sahte geri çekilme
Tarih	Boylardan Devlete-I	Türklerde Sosyal Yapı	En küçük Türk sosyal birimi?	Oguş
Tarih	Boylardan Devlete-I	Türklerde Sosyal Yapı	Budunların oluşturduğu yapı: ____.	İl
Tarih	Boylardan Devlete-I	Kut Anlayışı ve Devlet Teşkilatı	Yönetme yetkisini veren?	Gök Tengri
Tarih	Boylardan Devlete-I	Kut Anlayışı ve Devlet Teşkilatı	Doğu-batı yönetim modeli?	İkili teşkilat
Tarih	Boylardan Devlete-II	Asya Hun ve I. Kök Türk Devletleri	Asya Hunlarının güçlü hükümdarı?	Mete Han
Tarih	Boylardan Devlete-II	Asya Hun ve I. Kök Türk Devletleri	I. Kök Türklerin kurucusu?	Bumin Kağan
Tarih	Boylardan Devlete-II	II. Kök Türk ve Uygur Devletleri	II. Kök Türk kurucusu?	Kutluk Kağan
Tarih	Boylardan Devlete-II	II. Kök Türk ve Uygur Devletleri	Uygurların kabul ettiği din?	Maniheizm
Tarih	Boylardan Devlete-II	İlk Türk Devletlerinde Töre	Sözlü hukuk kuralları?	Töre
Tarih	Boylardan Devlete-II	İlk Türk Devletlerinde Töre	Töreye kim de uyar?	Kağan
Tarih	Kavimler Göçü	Kavimler Göçü ve Sonuçları	Kavimler Göçü yılı?	376
Tarih	Kavimler Göçü	Kavimler Göçü ve Sonuçları	Kavimler Göçü sonrası güçlenen sistem?	Feodalite
Tarih	Kavimler Göçü	Avrupa Hun Devleti	Avrupa Hunlarının kurucusu?	Balamir
Tarih	Kavimler Göçü	Avrupa Hun Devleti	Attila'nın vergi antlaşmaları?	Margus ve Anatolios
Tarih	Kavimler Göçü	Diğer Türk Boyları	Museviliği benimseyen Türk devleti?	Hazarlar
Tarih	Kavimler Göçü	Diğer Türk Boyları	Talas'ta Abbasileri destekleyen?	Karluklar
Tarih	İslamiyet'in Doğduğu Dönemde Dünya	İslam Öncesi Arap Yarımadası	İslam öncesi Arap dönemi?	Cahiliye
Tarih	İslamiyet'in Doğduğu Dönemde Dünya	İslam Öncesi Arap Yarımadası	Haram aylardaki savaşlar?	Ficâr Savaşları
Tarih	İslamiyet'in Doğduğu Dönemde Dünya	Dört Halife Dönemi	Seçimle halife dönemi?	Cumhuriyet Dönemi
Tarih	İslamiyet'in Doğduğu Dönemde Dünya	Dört Halife Dönemi	İlk İslam donanması hangi halife?	Hz. Osman
Tarih	Emeviler	Emevi Siyaseti ve Mevali Politikası	Halifeliği saltanata çeviren uygulama?	Yezid veliahtlığı
Tarih	Emeviler	Emevi Siyaseti ve Mevali Politikası	Arap olmayanlara ayrımcı politika?	Mevali
Tarih	Abbasi Devleti ve Türkler - Bilim	Abbasiler ve Mısır'da Kurulan Türk Devletleri	Mısır'daki ilk Müslüman Türk devleti?	Tolunoğulları
Tarih	Abbasi Devleti ve Türkler - Bilim	Abbasiler ve Mısır'da Kurulan Türk Devletleri	Hıttin'de Kudüs'ü alan komutan?	Selahaddin Eyyubi
Tarih	Abbasi Devleti ve Türkler - Bilim	İslam Medeniyetinde Âlimler	El-Kanun fi't-Tıbb yazarı?	İbn Sina
Tarih	Abbasi Devleti ve Türkler - Bilim	İslam Medeniyetinde Âlimler	İkinci Öğretmen kimdir?	Farabi
Tarih	Türklerin İslamiyet'i Kabulü	Talas Savaşı ve İlk Türk İslam Devletleri	Talas Savaşı yılı?	751
Tarih	Türklerin İslamiyet'i Kabulü	Talas Savaşı ve İlk Türk İslam Devletleri	Orta Asya'daki ilk Müslüman Türk devleti?	Karahanlılar
Tarih	İslamiyet'in Türk Toplumuna Etkisi	Devlet Anlayışı ve Hükümdarlık Sembolleri	Halifenin yönetim onayı?	Menşur
Tarih	İslamiyet'in Türk Toplumuna Etkisi	Devlet Anlayışı ve Hükümdarlık Sembolleri	Hükümdarlık şemsiyesi?	Çetr
Tarih	İslamiyet'in Türk Toplumuna Etkisi	Türk-İslam Dünyasında İlk Eserler	Kutadgu Bilig yazarı?	Yusuf Has Hacip
Tarih	İslamiyet'in Türk Toplumuna Etkisi	Türk-İslam Dünyasında İlk Eserler	Türkçe sözlüğün adı?	Divânü Lugati't-Türk
Tarih	Büyük Selçuklu Devleti	Kuruluş ve Anadolu Akınları	Büyük Selçuklu kuruluş savaşı?	Dandanakan
Tarih	Büyük Selçuklu Devleti	Kuruluş ve Anadolu Akınları	Bizans'la ilk Selçuklu savaşı?	Pasinler
Tarih	Büyük Selçuklu Devleti	Yönetim ve Kültür	Mali işlerden sorumlu divan?	Divan-ı İstifa
Tarih	Büyük Selçuklu Devleti	Yönetim ve Kültür	Askerî işlerden sorumlu divan?	Divan-ı Arz
Tarih	Türklerin Anadolu'ya Yerleşme Süreci	Anadolu'ya İlk Akınlar ve Türkiye Adı	Anadolu'ya ilk Türk akınları?	Avrupa Hunları
Tarih	Türklerin Anadolu'ya Yerleşme Süreci	Anadolu'ya İlk Akınlar ve Türkiye Adı	Türkiye adı Anadolu için hangi yüzyılda?	XII. yüzyıl
Tarih	Türklerin Anadolu'ya Yerleşme Süreci	Oğuz Göçlerinin Nedenleri	Oğuz göçleriyle hızlanan süreç?	Türkleşme
Tarih	Türklerin Anadolu'ya Yerleşme Süreci	Oğuz Göçlerinin Nedenleri	Oğuz göçlerini kolaylaştıran Bizans durumu?	Siyasi karışıklık
Tarih	Anadolu'nun İlk Siyasi Teşekkülleri	Anadolu'da Kurulan İlk Türk Beylikleri	Anadolu'daki ilk Türk beyliği?	Saltuklular
Tarih	Anadolu'nun İlk Siyasi Teşekkülleri	Anadolu'da Kurulan İlk Türk Beylikleri	İlk Türk donanmasının kurucusu?	Çaka Bey
Tarih	Anadolu'nun İlk Siyasi Teşekkülleri	Türkiye Selçuklu Devleti ve Miryokefalon	Türkiye Selçuklu kurucusu?	Süleyman Şah
Tarih	Anadolu'nun İlk Siyasi Teşekkülleri	Türkiye Selçuklu Devleti ve Miryokefalon	Haçlı Seferleri sonrası Türkiye Selçuklu başkenti?	Konya
Tarih	Hilal ve Haç Mücadelesi	Haçlı Seferleri ve Nedenleri	Haçlı Seferleri çağrısını yapan?	II. Urban
Tarih	Hilal ve Haç Mücadelesi	Haçlı Seferleri ve Nedenleri	Haçlıların ana hedefi?	Kudüs
Tarih	Hilal ve Haç Mücadelesi	Sonraki Seferler ve Genel Sonuçlar	Hıttin Zaferi'nin komutanı?	Selahaddin Eyyubi
Tarih	Hilal ve Haç Mücadelesi	Sonraki Seferler ve Genel Sonuçlar	IV. Haçlı Seferi sonucu?	Latin İmparatorluğu
Tarih	Moğol İstilası ve Anadolu	Yassıçemen, Baba İshak ve Kösedağ Savaşı	Yassıçemen Savaşı yılı?	1230
Tarih	Moğol İstilası ve Anadolu	Yassıçemen, Baba İshak ve Kösedağ Savaşı	Baba İshak İsyanı yılı?	1240
Tarih	Osmanlı Beyliği'nin Kuruluşu	Osman ve Orhan Gazi Dönemi	Osmanlı devletleşme savaşı?	Koyunhisar
Tarih	Osmanlı Beyliği'nin Kuruluşu	Osman ve Orhan Gazi Dönemi	Bursa'nın fetih yılı?	1326
Tarih	Osmanlı Devleti'nin Rumeli'de İskânı	Rumeli'ye Geçiş ve Çimpe Kalesi	Rumeli'deki ilk Osmanlı toprağı?	Çimpe Kalesi
Tarih	Osmanlı Devleti'nin Rumeli'de İskânı	Rumeli'ye Geçiş ve Çimpe Kalesi	Çimpe Kalesi'nin alınış yılı?	1353
Tarih	Osmanlı Devleti'nin Rumeli'de İskânı	İskân ve İstimâlet Politikası	Türkmen yerleştirme politikası?	İskân
Tarih	Osmanlı Devleti'nin Rumeli'de İskânı	İskân ve İstimâlet Politikası	Gayrimüslimlere hoşgörü politikası?	İstimâlet
Tarih	Anadolu'da Türk Siyasi Birliğini Sağlama	Osmanlı'nın Beylikleri Katma Politikası	İlk katılan Anadolu beyliği?	Karesioğulları
Tarih	Anadolu'da Türk Siyasi Birliğini Sağlama	Osmanlı'nın Beylikleri Katma Politikası	Karesioğullarından kazanılan güç?	Donanma
Tarih	Anadolu'da Türk Siyasi Birliğini Sağlama	Ankara Savaşı ve Fetret Devri	Ankara Savaşı'ndaki rakip?	Timur
Tarih	Anadolu'da Türk Siyasi Birliğini Sağlama	Ankara Savaşı ve Fetret Devri	1402 sonrası dönem?	Fetret Devri
Tarih	Savaşçılar ve Askerler	Tımar Sistemi ve Tımarlı Sipahiler	Tımar toprağının sahibi?	Devlet
Tarih	Savaşçılar ve Askerler	Tımar Sistemi ve Tımarlı Sipahiler	Tımarlı sipahinin yetiştirdiği asker?	Cebelü
Tarih	Savaşçılar ve Askerler	Kapıkulu Ocakları ve Devşirme	Kapıkulunun ana piyadesi?	Yeniçeri
Tarih	Savaşçılar ve Askerler	Kapıkulu Ocakları ve Devşirme	Üç aylık asker maaşı?	Ulufe
Tarih	Sosyal ve Kültürel Faaliyetler	Osmanlı'da Yönetici Sınıflar (Askerî)	Vergiden muaf yönetici sınıf?	Askerî
Tarih	Sosyal ve Kültürel Faaliyetler	Osmanlı'da Yönetici Sınıflar (Askerî)	Adalet ve eğitim sınıfı?	İlmiye
Tarih	Sosyal ve Kültürel Faaliyetler	Mutasavvıflar ve Bilim İnsanları	Ahilik kurucusu?	Ahi Evran
Tarih	Sosyal ve Kültürel Faaliyetler	Mutasavvıflar ve Bilim İnsanları	Mikrop fikriyle tanınan?	Akşemseddin
Tarih	İstanbul'un Fethi ve Sonuçları	Fethin Nedenleri ve Hazırlıklar	Boğazı denetleyen hisar?	Rumeli Hisarı
Tarih	İstanbul'un Fethi ve Sonuçları	Fethin Nedenleri ve Hazırlıklar	İstanbul'un fetih tarihi?	29 Mayıs 1453
Tarih	İstanbul'un Fethi ve Sonuçları	Fethin Dünya Tarihine Etkisi	Fetihle yıkılan devlet?	Bizans
Tarih	İstanbul'un Fethi ve Sonuçları	Fethin Dünya Tarihine Etkisi	Fetihle başlayan çağ?	Yeni Çağ
Tarih	İslam Dünyasında Birliği Sağlama	Safevi ve Memluk Mücadelesi (Yavuz Dönemi)	Safevilere karşı savaş?	Çaldıran
Tarih	İslam Dünyasında Birliği Sağlama	Safevi ve Memluk Mücadelesi (Yavuz Dönemi)	Memlükleri yıkan savaş?	Ridaniye
Tarih	Dünyanın Muhteşem Gücü Osmanlı	Kanuni Sultan Süleyman Dönemi	Macaristan'ı sarsan savaş?	Mohaç
Tarih	Dünyanın Muhteşem Gücü Osmanlı	Kanuni Sultan Süleyman Dönemi	1533'te Avusturya üstünlüğünü gösteren antlaşma?	İstanbul Antlaşması
Tarih	Stratejik Siyaset ve Dünya Gücü	Kapitülasyonlar	Kanuni, Fransa'ya kapitülasyonla hangi hanedana karşı denge kurdu?	Habsburglar
Tarih	Stratejik Siyaset ve Dünya Gücü	Kapitülasyonlar	Kapitülasyonların süreklilik yılı?	1740
Tarih	Stratejik Siyaset ve Dünya Gücü	Hint Deniz Seferleri	Hint Deniz Seferleri'ndeki rakip?	Portekiz
Tarih	Stratejik Siyaset ve Dünya Gücü	Hint Deniz Seferleri	Güvenliği güçlenen deniz?	Kızıldeniz
Tarih	Saray ve Şehir Kültürü	Saray Teşkilatı	Devlet adamı yetiştiren bölüm?	Enderun
Tarih	Saray ve Şehir Kültürü	Saray Teşkilatı	Padişah ailesinin bölümü?	Harem
Tarih	Saray ve Şehir Kültürü	Divan-ı Hümayun	Divan başkanı?	Sadrazam
Tarih	Saray ve Şehir Kültürü	Divan-ı Hümayun	Mali işlerden sorumlu?	Defterdar
Tarih	Saray ve Şehir Kültürü	Gelenekler Işığında Devlet İdaresi	Fatih'in hukuk metni?	Kanunname
Tarih	Saray ve Şehir Kültürü	Gelenekler Işığında Devlet İdaresi	En yaşlı hanedan sistemi?	Ekber ve Erşed
Tarih	Millet Sistemi	Osmanlı Millet Sistemi	Millet sisteminin temeli?	Din ve mezhep
Tarih	Millet Sistemi	Osmanlı Millet Sistemi	Gayrimüslimlerin vergisi?	Cizye
Tarih	Toprak Sistemi ve Lonca	Osmanlı Toprak Sistemi	Devlete ait toprak?	Miri
Tarih	Toprak Sistemi ve Lonca	Osmanlı Toprak Sistemi	Dirlik sisteminin en yüksek gelirli bölümü?	Has
Tarih	Toprak Sistemi ve Lonca	Lonca Teşkilatı ve Narh	Fiyat denetimi?	Narh
Tarih	Toprak Sistemi ve Lonca	Lonca Teşkilatı ve Narh	Meslek yapma hakkı?	Gedik
Tarih	Uzun Savaşlardan Diplomasiye	Zitvatorok ve Bucaş Antlaşmaları	Avusturya'yı padişaha denk sayan?	Zitvatorok
Tarih	Uzun Savaşlardan Diplomasiye	Zitvatorok ve Bucaş Antlaşmaları	Bucaş ile Osmanlıya katılan bölge?	Podolya
Tarih	Uzun Savaşlardan Diplomasiye	Karlofça ve 1700 İstanbul Antlaşması	İlk geniş toprak kaybı?	Karlofça
Tarih	Uzun Savaşlardan Diplomasiye	Karlofça ve 1700 İstanbul Antlaşması	Azak'ın bırakıldığı devlet?	Rusya
Tarih	Okyanusların Önem Kazanması	Coğrafi Keşifler ve Kadırgadan Kalyona Geçiş	Ticaretin yöneldiği okyanus?	Atlas Okyanusu
Tarih	Okyanusların Önem Kazanması	Coğrafi Keşifler ve Kadırgadan Kalyona Geçiş	Okyanus savaş gemisi?	Kalyon
Tarih	Fetihlerden Savunmaya	Prut ve Pasarofça Antlaşmaları	Prut Antlaşması'nda Osmanlı'nın karşısındaki devlet?	Rusya
Tarih	Fetihlerden Savunmaya	Prut ve Pasarofça Antlaşmaları	Pasarofça sonrası öne çıkan yenileşme yönü?	Islahat
Tarih	Fetihlerden Savunmaya	Belgrad ve Küçük Kaynarca Antlaşmaları	1739'da geri alınan şehir?	Belgrad
Tarih	Fetihlerden Savunmaya	Belgrad ve Küçük Kaynarca Antlaşmaları	Küçük Kaynarca ile bağımsızlaşan?	Kırım
Tarih	Avrupa'da Değişim Çağı	Rönesans, Reform ve Vestfalya	Rönesans'ın başladığı ülke?	İtalya
Tarih	Avrupa'da Değişim Çağı	Rönesans, Reform ve Vestfalya	Reform'un başladığı ülke?	Almanya
Tarih	Avrupa'da Değişim Çağı	Bilim Devrimi ve Aydınlanma	Güneş merkezli sistemi savunan?	Kopernik
Tarih	Avrupa'da Değişim Çağı	Bilim Devrimi ve Aydınlanma	Evrensel çekim kanununu ortaya koyan?	Newton
Tarih	Osmanlı Devleti'nde Değişim	Ekonomik Sarsıntı ve İltizam Sistemi	Vergi hakkını alan kişi?	Mültezim
Tarih	Osmanlı Devleti'nde Değişim	Ekonomik Sarsıntı ve İltizam Sistemi	Ömür boyu vergi işletimi?	Malikâne
Tarih	İsyanlar ve Düzeni Koruma	Celâli ve Yeniçeri İsyanları	Celâli İsyanlarının bölgesi?	Anadolu
Tarih	İsyanlar ve Düzeni Koruma	Celâli ve Yeniçeri İsyanları	Anadolu'daki büyük göç?	Büyük Kaçgun
Tarih	İsyanlar ve Düzeni Koruma	Ekber ve Erşed Sistemi ile Lale Devri	En yaşlı hanedan kuralı?	Ekber ve Erşed
Tarih	İsyanlar ve Düzeni Koruma	Ekber ve Erşed Sistemi ile Lale Devri	Lale Devri'ni başlatan antlaşma?	Pasarofça
Tarih	İhtilaller Çağı	1789 Fransız İhtilali	1789 İhtilali'nin ülkesi?	Fransa
Tarih	İhtilaller Çağı	1789 Fransız İhtilali	En etkili ayrılıkçı akım?	Milliyetçilik
Tarih	Osmanlı Devleti'nde Modern Orduya Geçiş	Zorunlu Askerlik Sistemi	Modern orduların askerlik modeli?	Zorunlu askerlik
Tarih	Osmanlı Devleti'nde Modern Orduya Geçiş	Zorunlu Askerlik Sistemi	Zorunlu askerliği güçlendiren anlayış?	Vatandaşlık
Tarih	Osmanlı Devleti'nde Modern Orduya Geçiş	Nizam-ı Cedit Ordusu	Nizam-ı Cedit padişahı?	III. Selim
Tarih	Osmanlı Devleti'nde Modern Orduya Geçiş	Nizam-ı Cedit Ordusu	Nizam-ı Cedit hazinesi?	İrad-ı Cedit
Tarih	Osmanlı Devleti'nde Modern Orduya Geçiş	Vakay-ı Hayriye ve Yeni Ordu	Yeniçeri Ocağı'nın kaldırılış yılı?	1826
Tarih	Osmanlı Devleti'nde Modern Orduya Geçiş	Vakay-ı Hayriye ve Yeni Ordu	Yeniçeriliğin kaldırılış adı?	Vakay-ı Hayriye
Tarih	XIX. Yüzyılda Sosyal Hayattaki Değişimler	Ulaşım ve Haberleşme	İlk Osmanlı demir yolu?	İzmir-Aydın
Tarih	XIX. Yüzyılda Sosyal Hayattaki Değişimler	Ulaşım ve Haberleşme	İlk telgraf hattı dönemi?	Kırım Savaşı
Tarih	XIX. Yüzyılda Sosyal Hayattaki Değişimler	Modern Eğitim Kurumları	İlk modern askerî okul?	Hendesehane
Tarih	XIX. Yüzyılda Sosyal Hayattaki Değişimler	Modern Eğitim Kurumları	Denizcilik mühendislik okulu?	Bahr-i Hümâyun
Tarih	XIX. Yüzyılda Sosyal Hayattaki Değişimler	Sosyal Devlet ve Simgeler	Kimsesizler kurumu?	Darülaceze
Tarih	XIX. Yüzyılda Sosyal Hayattaki Değişimler	Sosyal Devlet ve Simgeler	Memur emeklilik kurumu?	Tekaüd Sandığı
Tarih	Osmanlı Devleti'ne Yönelik Tehditler-I	Şark Meselesi ve Projeler	Osmanlı'yı parçalama siyaseti?	Şark Meselesi
Tarih	Osmanlı Devleti'ne Yönelik Tehditler-I	Şark Meselesi ve Projeler	Şark Meselesi'nin kongresi?	Viyana Kongresi
Tarih	Osmanlı Devleti'ne Yönelik Tehditler-I	Sırp ve Yunan İsyanları	İlk isyan eden Osmanlı topluluğu?	Sırplar
Tarih	Osmanlı Devleti'ne Yönelik Tehditler-I	Sırp ve Yunan İsyanları	Sırp İsyanı lideri?	Kara Yorgi
Tarih	Osmanlı Devleti'ne Yönelik Tehditler-I	Kırım Savaşı ve 93 Harbi	İlk dış borç yılı?	1854
Tarih	Osmanlı Devleti'ne Yönelik Tehditler-I	Kırım Savaşı ve 93 Harbi	Kırım Savaşı sonunda imzalanan antlaşma?	Paris Antlaşması
Tarih	Osmanlı Devleti'nde Demokratikleşme Hareketleri	Sened-i İttifak ve Tanzimat Fermanı	1808'de imzalanan belge?	Sened-i İttifak
Tarih	Osmanlı Devleti'nde Demokratikleşme Hareketleri	Sened-i İttifak ve Tanzimat Fermanı	1839'da ilan edilen ferman?	Tanzimat Fermanı
Tarih	Osmanlı Devleti'nde Demokratikleşme Hareketleri	Islahat Fermanı	Islahat Fermanı yılı?	1856
Tarih	Osmanlı Devleti'nde Demokratikleşme Hareketleri	Islahat Fermanı	Islahatın hak verdiği kesim?	Gayrimüslimler
Tarih	Osmanlı Devleti'nde Demokratikleşme Hareketleri	Kanun-ı Esasi ve Siyasi Partiler	İlk yazılı Osmanlı anayasası?	Kanun-ı Esasi
Tarih	Osmanlı Devleti'nde Demokratikleşme Hareketleri	Kanun-ı Esasi ve Siyasi Partiler	II. Meşrutiyet yılı?	1908
Tarih	Osmanlı Devleti'nde Darbeler	1876 Darbesi ve 31 Mart Vakası	1876'da tahttan indirilen?	Abdülaziz
Tarih	Osmanlı Devleti'nde Darbeler	1876 Darbesi ve 31 Mart Vakası	1909 ayaklanması?	31 Mart Vakası
Tarih	Osmanlı Devleti'nde Darbeler	Babıâli Baskını	Babıâli Baskını yılı?	1913
Tarih	Osmanlı Devleti'nde Darbeler	Babıâli Baskını	Babıâli Baskınını yapan cemiyet?	İttihat ve Terakki
Tarih	Osmanlı Devleti'ne Yönelik Tehditler-II	Mehmet Ali Paşa ve Boğazlar	1833 Boğazlar antlaşması?	Hünkâr İskelesi
Tarih	Osmanlı Devleti'ne Yönelik Tehditler-II	Mehmet Ali Paşa ve Boğazlar	Boğazları uluslararasılaştıran sözleşme?	Londra Boğazlar Sözleşmesi
Tarih	Osmanlı Devleti'ne Yönelik Tehditler-II	Reval Görüşmesi ve Bloklaşmalar	Reval Görüşmesi'nde Rusya'nın görüştüğü devlet?	İngiltere
Tarih	Osmanlı Devleti'ne Yönelik Tehditler-II	Reval Görüşmesi ve Bloklaşmalar	Almanya'nın yer aldığı savaş öncesi blok?	Üçlü İttifak
Tarih	Osmanlıda Sanayileşme Çabaları	Balta Limanı Antlaşması (1838)	Balta Limanı'nın yılı?	1838
Tarih	Osmanlıda Sanayileşme Çabaları	Balta Limanı Antlaşması (1838)	Balta Limanı Antlaşması'nın tarafı?	İngiltere
Tarih	Osmanlıda Sanayileşme Çabaları	Dış Borçlar ve Düyûn-ı Umûmiye	İlk dış borç yılı?	1854
Tarih	Osmanlıda Sanayileşme Çabaları	Dış Borçlar ve Düyûn-ı Umûmiye	Borç idaresi?	Düyûn-ı Umûmiye
Tarih	Osmanlıda Sanayileşme Çabaları	Millî İktisat Politikası	Millî İktisat dönemi?	I. Dünya Savaşı
Tarih	Osmanlıda Sanayileşme Çabaları	Millî İktisat Politikası	Sanayiyi teşvik eden kanun?	Teşvik-i Sanayi
Tarih	XIX ve XX. Yüzyılda Osmanlı Nüfusu	Kafkas Göçleri	Kafkas göçlerini hızlandıran kayıp?	Kırım
Tarih	XIX ve XX. Yüzyılda Osmanlı Nüfusu	Kafkas Göçleri	Kafkas göçlerinin ana hedefi?	Anadolu
Tarih	XIX ve XX. Yüzyılda Osmanlı Nüfusu	Metropoller ve Kamuoyu	İlk resmî Osmanlı gazetesi?	Takvim-i Vekayi
Tarih	XIX ve XX. Yüzyılda Osmanlı Nüfusu	Metropoller ve Kamuoyu	Gazetelerin oluşturduğu?	Kamuoyu
Tarih	Mustafa Kemal'in Lider Olarak Yetişmesi	Eğitim Hayatı ve Etkilendiği Şehirler	Mustafa Kemal'in eğitim başlangıcı?	Selanik
Tarih	Mustafa Kemal'in Lider Olarak Yetişmesi	Eğitim Hayatı ve Etkilendiği Şehirler	Vatan ve Hürriyet'in kurulduğu şehir?	Şam
Tarih	Mustafa Kemal'in Lider Olarak Yetişmesi	Fikir Hayatını Etkileyenler	Vatan ve hürriyet düşünürü?	Namık Kemal
Tarih	Mustafa Kemal'in Lider Olarak Yetişmesi	Fikir Hayatını Etkileyenler	Milliyetçilikte etkili düşünür?	Ziya Gökalp
Tarih	20. Yüzyıl Başlarında Osmanlı Devleti	Fikir Akımları	Tüm Osmanlıları birleştirme fikri?	Osmanlıcılık
Tarih	20. Yüzyıl Başlarında Osmanlı Devleti	Fikir Akımları	Halife çevresinde birleşme?	İslamcılık
Tarih	20. Yüzyıl Başlarında Osmanlı Devleti	Trablusgarp ve Balkan Savaşları	Trablusgarp'a saldıran devlet?	İtalya
Tarih	20. Yüzyıl Başlarında Osmanlı Devleti	Trablusgarp ve Balkan Savaşları	Trablusgarp antlaşması?	Uşi Antlaşması
Tarih	I. Dünya Savaşı Sürecinde Osmanlı	Savaşın Nedenleri ve Girilmesi	Osmanlı-Almanya ittifakı tarihi?	2 Ağustos 1914
Tarih	I. Dünya Savaşı Sürecinde Osmanlı	Savaşın Nedenleri ve Girilmesi	Osmanlıyı savaşa sokan gemiler?	Yavuz ve Midilli
Tarih	I. Dünya Savaşı Sürecinde Osmanlı	Cepheler	Sarıkamış Harekâtı cephesi?	Kafkas Cephesi
Tarih	I. Dünya Savaşı Sürecinde Osmanlı	Cepheler	Kutü'l-Amâre Zaferi cephesi?	Irak Cephesi
Tarih	I. Dünya Savaşı Sürecinde Osmanlı	Ermenilerin Sevk ve İskânı	Nakil kanununun adı?	Sevk ve İskân
Tarih	I. Dünya Savaşı Sürecinde Osmanlı	Ermenilerin Sevk ve İskânı	Sevk ve İskân Kanunu'nun gerekçesi?	Güvenlik sorunları
Tarih	I. Dünya Savaşı'nın Sonuçları	Genel Sonuçlar	Barış için kurulan cemiyet?	Milletler Cemiyeti
Tarih	I. Dünya Savaşı'nın Sonuçları	Genel Sonuçlar	I. Dünya Savaşı sonrası sömürgeciliğin adı?	Manda ve himaye
Tarih	I. Dünya Savaşı'nın Sonuçları	Mondros Ateşkes Antlaşması (1918)	Mondros tarihi?	30 Ekim 1918
Tarih	I. Dünya Savaşı'nın Sonuçları	Mondros Ateşkes Antlaşması (1918)	İşgal hakkı veren madde?	7. madde
Tarih	Millî Mücadele'ye Hazırlık Dönemi-I	İzmir'in İşgali ve Kuvay-ı Milliye	İzmir'in işgal tarihi?	15 Mayıs 1919
Tarih	Millî Mücadele'ye Hazırlık Dönemi-I	İzmir'in İşgali ve Kuvay-ı Milliye	İlk kurşunu atan?	Hasan Tahsin
Tarih	Millî Mücadele'ye Hazırlık Dönemi-I	Cemiyetler	İzmir'in işgaline karşı kurulan yararlı cemiyet?	Redd-i İlhak
Tarih	Millî Mücadele'ye Hazırlık Dönemi-I	Cemiyetler	Wilson Prensipleri Cemiyetinin savunduğu fikir?	Manda ve himaye
Tarih	Millî Mücadele'ye Hazırlık Dönemi-II	Havza ve Amasya Genelgeleri	Miting çağrısı yapan genelge?	Havza Genelgesi
Tarih	Millî Mücadele'ye Hazırlık Dönemi-II	Havza ve Amasya Genelgeleri	Gerekçe-amaç-yöntem belgesi?	Amasya Genelgesi
Tarih	Millî Mücadele'ye Hazırlık Dönemi-II	Erzurum ve Sivas Kongreleri	Millî sınırlardan ilk söz eden?	Erzurum Kongresi
Tarih	Millî Mücadele'ye Hazırlık Dönemi-II	Erzurum ve Sivas Kongreleri	Cemiyetleri birleştiren kongre?	Sivas Kongresi
Tarih	Millî Mücadele'ye Hazırlık Dönemi-II	Amasya Görüşmeleri ve Misak-ı Milli	Temsil Heyetini tanıyan hükûmet?	İstanbul Hükûmeti
Tarih	Millî Mücadele'ye Hazırlık Dönemi-II	Amasya Görüşmeleri ve Misak-ı Milli	Millî sınır belgesi?	Misak-ı Millî
Tarih	Büyük Millet Meclisi'nin Açılması ve Sevr	BMM'nin Açılması ve İsyanlar	BMM açılış tarihi?	23 Nisan 1920
Tarih	Büyük Millet Meclisi'nin Açılması ve Sevr	BMM'nin Açılması ve İsyanlar	BMM yönetim ilkesi?	Güçler birliği
Tarih	Büyük Millet Meclisi'nin Açılması ve Sevr	Sevr Antlaşması	Sevr imza tarihi?	10 Ağustos 1920
Tarih	Büyük Millet Meclisi'nin Açılması ve Sevr	Sevr Antlaşması	Sevr'in yürürlüğe girmesi için eksik kalan onay?	Mebusan Meclisi
Tarih	Doğu, Güney ve Batı Cepheleri	Doğu ve Güney Cepheleri	Doğu Cephesi komutanı?	Kazım Karabekir
Tarih	Doğu, Güney ve Batı Cepheleri	Doğu ve Güney Cepheleri	BMM'nin ilk siyasi antlaşması?	Gümrü Antlaşması
Tarih	Doğu, Güney ve Batı Cepheleri	Batı Cephesi I. ve II. İnönü Muharebeleri	Düzenli ordunun ilk zaferi?	I. İnönü
Tarih	Doğu, Güney ve Batı Cepheleri	Batı Cephesi I. ve II. İnönü Muharebeleri	I. İnönü sonrası konferans?	Londra Konferansı
Tarih	Doğu, Güney ve Batı Cepheleri	Kütahya-Eskişehir ve Sakarya Savaşları	Başkomutan seçilen kişi?	Mustafa Kemal
Tarih	Doğu, Güney ve Batı Cepheleri	Kütahya-Eskişehir ve Sakarya Savaşları	Millî yükümlülük emirleri?	Tekâlif-i Millîye
Tarih	Millî Mücadele'nin Sona Ermesi	Büyük Taarruz ve Mudanya	Büyük Taarruz başlangıcı?	26 Ağustos 1922
Tarih	Millî Mücadele'nin Sona Ermesi	Büyük Taarruz ve Mudanya	Kesin zafer tarihi?	30 Ağustos 1922
Tarih	Millî Mücadele'nin Sona Ermesi	Lozan Barış Antlaşması	Lozan imza tarihi?	24 Temmuz 1923
Tarih	Millî Mücadele'nin Sona Ermesi	Lozan Barış Antlaşması	Lozan'da çözülemeyen sorun?	Musul
Tarih	Atatürk İlkeleri-Siyasi ve Hukuki Gelişmeler	Siyasi Alanda İnkılaplar	Saltanatın kaldırılış tarihi?	1 Kasım 1922
Tarih	Atatürk İlkeleri-Siyasi ve Hukuki Gelişmeler	Siyasi Alanda İnkılaplar	Cumhuriyetin ilan tarihi?	29 Ekim 1923
Tarih	Atatürk İlkeleri-Siyasi ve Hukuki Gelişmeler	Hukuk Alanı ve Medeni Kanun	Medeni Kanun'un örnek ülkesi?	İsviçre
Tarih	Atatürk İlkeleri-Siyasi ve Hukuki Gelişmeler	Hukuk Alanı ve Medeni Kanun	Kaldırılan eski hukuk kitabı?	Mecelle
Tarih	Atatürk Dönemi'nde Yapılan İnkılaplar	Eğitim, Kültür ve Toplumsal İnkılaplar	Eğitim birliği kanunu?	Tevhid-i Tedrisat
Tarih	Atatürk Dönemi'nde Yapılan İnkılaplar	Eğitim, Kültür ve Toplumsal İnkılaplar	Yeni Türk alfabesi?	Latin alfabesi
Tarih	Atatürk Dönemi'nde Yapılan İnkılaplar	Ekonomi Alanındaki Gelişmeler	Millî ekonomi kongresi?	İzmir İktisat Kongresi
Tarih	Atatürk Dönemi'nde Yapılan İnkılaplar	Ekonomi Alanındaki Gelişmeler	Kaldırılan tarım vergisi?	Aşar
